{
  "project_info": {
    "project_number": "977731909422",
    "firebase_url": "https://digihydro-c1d30-default-rtdb.firebaseio.com",
    "project_id": "digihydro-c1d30",
    "storage_bucket": "digihydro-c1d30.appspot.com"
  },
  "client": [
    {
      "client_info": {
        "mobilesdk_app_id": "1:977731909422:android:521b9d361bce0b31386cbf",
        "android_client_info": {
          "package_name": "com.example.digihydro"
        }
      },
      "oauth_client": [
        {
          "client_id": "977731909422-d7nf5tti2g4iv18qcp80vivu78rqddvr.apps.googleusercontent.com",
          "client_type": 3
        }
      ],
      "api_key": [
        {
          "current_key": "AIzaSyA007o1J4FDefxopSm8UlpbEsEAKs8i-zo"
        }
      ],
      "services": {
        "appinvite_service": {
          "other_platform_oauth_client": [
            {
              "client_id": "977731909422-d7nf5tti2g4iv18qcp80vivu78rqddvr.apps.googleusercontent.com",
              "client_type": 3
            }
          ]
        }
      }
    }
  ],
  "configuration_version": "1"
}